Order ID,Date,Month,Quarter,Region,City,Sales Executive,Product Category,Product Name,Units Sold,Selling Price,Revenue,Cost,Profit,Profit Margin %,Customer Type,Sales Channel,Target Sales,Achievement %,Growth %,Order Status,Discount %,Rating
ORD-10001,2025-09-17,Sep,Q3,South,Chennai,Ananya Iyer,Accessories,Wireless Mouse,6,2110,12660,5580,7080,0.5592417061611374,Existing,Offline,14100,0.8978723404255319,0.08970616847575623,Completed,0,3.8
ORD-10002,2025-12-16,Dec,Q4,West,Ahmedabad,Kabir Shah,Office,Standing Desk,10,19600,196000,139000,57000,0.29081632653061223,Existing,Offline,186300,1.0520665593129361,0.1603603134901413,Completed,0.08,4.8
ORD-10003,2025-04-30,Apr,Q2,South,Bengaluru,Ananya Iyer,Electronics,Tablet Plus,14,25050,350700,257600,93100,0.2654690618762475,Existing,Online,388300,0.9031676538758692,-0.0032324456881897695,Completed,0.03,5.0
ORD-10004,2025-12-06,Dec,Q4,North,Jaipur,Arjun Malhotra,Office,Ergonomic Chair,4,12310,49240,30400,18840,0.3826157595450853,Existing,Online,46900,1.0498933901918976,0.12269810202373942,Completed,0,4.3
ORD-10005,2025-03-10,Mar,Q1,East,Bhubaneswar,Riya Das,Office,Laser Printer,12,19990,239880,151200,88680,0.3696848424212106,Existing,Online,240800,0.9961794019933555,0.04688268212716458,Completed,0,4.5
ORD-10006,2025-01-18,Jan,Q1,South,Bengaluru,Vikram Rao,Electronics,Tablet Plus,16,25950,415200,294400,120800,0.2909441233140655,New,Offline,407100,1.0198968312453942,0.08096206515288383,Completed,0,4.9
ORD-10007,2025-09-17,Sep,Q3,North,Delhi,Neha Verma,Accessories,Keyboard,14,3700,51800,24640,27160,0.5243243243243243,Existing,Online,48700,1.0636550308008215,0.16558137591683542,Completed,0.08,3.7
ORD-10008,2025-02-08,Feb,Q1,West,Pune,Kabir Shah,Home,Vacuum Cleaner,7,11780,82460,49700,32760,0.39728353140916806,Existing,Offline,78200,1.0544757033248082,-0.060282769608224346,Completed,0,4.5
ORD-10009,2025-04-19,Apr,Q2,West,Mumbai,Meera Patel,Home,Vacuum Cleaner,4,11160,44640,28400,16240,0.36379928315412186,Existing,Online,50800,0.878740157480315,0.05755332994809438,Completed,0.03,3.6
ORD-10010,2025-04-19,Apr,Q2,North,Lucknow,Neha Verma,Office,Standing Desk,7,21590,151130,97300,53830,0.3561834182491894,Existing,Offline,172300,0.8771329077190946,-0.012931725063700272,Completed,0,4.5
ORD-10011,2025-09-08,Sep,Q3,East,Kolkata,Aarav Sen,Office,Ergonomic Chair,15,12370,185550,114000,71550,0.3856103476151981,New,Offline,208200,0.8912103746397695,-0.037962779154901816,Completed,0.05,4.1
ORD-10012,2025-06-04,Jun,Q2,North,Lucknow,Neha Verma,Office,Ergonomic Chair,9,12350,111150,68400,42750,0.38461538461538464,Existing,Online,102100,1.0886385896180215,-0.07943022697318246,Completed,0,4.3
ORD-10013,2025-09-17,Sep,Q3,South,Hyderabad,Vikram Rao,Home,Microwave,6,13480,80880,49500,31380,0.3879821958456973,Existing,Offline,81900,0.9875457875457876,-0.06496737426099923,Completed,0,3.6
ORD-10014,2025-08-05,Aug,Q3,East,Kolkata,Riya Das,Home,Microwave,3,13780,41340,24750,16590,0.40130624092888245,Existing,Online,38600,1.0709844559585493,-0.04700007894859744,Completed,0,3.7
ORD-10015,2025-05-22,May,Q2,North,Lucknow,Arjun Malhotra,Accessories,Wireless Mouse,11,2070,22770,10230,12540,0.5507246376811594,New,Online,20500,1.1107317073170733,-0.07298017980008446,Completed,0.05,3.9
ORD-10016,2025-10-23,Oct,Q4,South,Bengaluru,Ananya Iyer,Office,Ergonomic Chair,13,12610,163930,98800,65130,0.3973037272006344,Existing,Online,177300,0.9245910885504794,0.032820442382129694,Completed,0.03,4.8
ORD-10017,2025-02-13,Feb,Q1,North,Delhi,Neha Verma,Home,Air Purifier,8,17310,138480,83200,55280,0.3991912189485846,Existing,Online,126000,1.099047619047619,0.07039133492648371,Completed,0,4.1
ORD-10018,2025-06-06,Jun,Q2,East,Bhubaneswar,Aarav Sen,Office,Standing Desk,2,21080,42160,27800,14360,0.340607210626186,New,Offline,48400,0.8710743801652893,0.07168850747855914,Completed,0,3.9
ORD-10019,2025-10-11,Oct,Q4,North,Delhi,Neha Verma,Accessories,Wireless Mouse,3,2130,6390,2790,3600,0.5633802816901409,New,Online,7300,0.8753424657534247,0.009401006820795574,Completed,0,3.8
ORD-10020,2025-01-02,Jan,Q1,East,Bhubaneswar,Riya Das,Accessories,Wireless Mouse,15,2100,31500,13950,17550,0.5571428571428572,New,Offline,30700,1.0260586319218241,-0.03642841268840893,Cancelled,0,3.6
ORD-10021,2025-04-01,Apr,Q2,West,Ahmedabad,Kabir Shah,Home,Microwave,7,12720,89040,57750,31290,0.35141509433962265,Existing,Online,92900,0.9584499461786867,-0.030349385183549293,Completed,0.03,3.5
ORD-10022,2025-12-18,Dec,Q4,East,Patna,Aarav Sen,Home,Vacuum Cleaner,9,11400,102600,63900,38700,0.37719298245614036,New,Online,120500,0.8514522821576763,-0.053370544031344974,Completed,0.03,4.6
ORD-10023,2025-04-09,Apr,Q2,South,Bengaluru,Ananya Iyer,Office,Laser Printer,4,19740,78960,50400,28560,0.3617021276595745,New,Offline,75300,1.0486055776892431,-0.06188591396342459,Completed,0.03,3.7
ORD-10024,2025-12-03,Dec,Q4,North,Lucknow,Arjun Malhotra,Accessories,Keyboard,3,3700,11100,5280,5820,0.5243243243243243,Existing,Offline,11400,0.9736842105263158,0.03984058512045949,Completed,0.03,4.4
ORD-10025,2025-05-22,May,Q2,North,Lucknow,Neha Verma,Office,Ergonomic Chair,5,11370,56850,38000,18850,0.33157431838170626,Existing,Offline,56500,1.0061946902654868,0.000555767740580429,Completed,0.08,4.1
ORD-10026,2025-07-15,Jul,Q3,North,Lucknow,Arjun Malhotra,Home,Microwave,9,12370,111330,74250,37080,0.3330638641875505,Existing,Online,122500,0.9088163265306123,0.11990765851337222,Completed,0.08,3.6
ORD-10027,2025-12-31,Dec,Q4,East,Patna,Riya Das,Electronics,Tablet Plus,13,24960,324480,239200,85280,0.26282051282051283,Existing,Offline,375500,0.8641278295605859,-0.06287776563652975,Completed,0.05,5.0
ORD-10028,2025-08-05,Aug,Q3,West,Pune,Kabir Shah,Home,Microwave,11,13420,147620,90750,56870,0.38524590163934425,New,Online,156600,0.9426564495530013,-0.011664296730912307,Completed,0,4.8
ORD-10029,2025-04-25,Apr,Q2,East,Kolkata,Aarav Sen,Electronics,Tablet Plus,7,24780,173460,128800,44660,0.25746569814366427,New,Offline,175500,0.9883760683760684,0.04559123787631579,Completed,0.08,3.7
ORD-10030,2025-06-06,Jun,Q2,East,Bhubaneswar,Riya Das,Home,Vacuum Cleaner,9,11170,100530,63900,36630,0.36436884512085943,Existing,Offline,108700,0.9248390064397424,0.1757261352636405,Completed,0.03,3.8
ORD-10031,2025-01-29,Jan,Q1,West,Ahmedabad,Kabir Shah,Home,Air Purifier,7,15450,108150,72800,35350,0.3268608414239482,New,Offline,111200,0.9725719424460432,0.0029925947475449993,Completed,0.05,4.4
ORD-10032,2025-05-10,May,Q2,East,Kolkata,Riya Das,Electronics,Laptop Pro,7,70040,490280,367500,122780,0.250428326670474,Existing,Offline,553300,0.8861015723838785,0.1828877391949394,Completed,0.05,4.5
ORD-10033,2025-03-26,Mar,Q1,East,Kolkata,Aarav Sen,Home,Air Purifier,11,16410,180510,114400,66110,0.3662400975015235,New,Offline,202800,0.8900887573964497,0.012782511540331623,Completed,0,4.6
ORD-10034,2025-01-08,Jan,Q1,East,Patna,Aarav Sen,Accessories,Keyboard,12,3710,44520,21120,23400,0.5256064690026954,Existing,Offline,45100,0.987139689578714,-0.06921932958683076,Completed,0.05,4.0
ORD-10035,2025-03-24,Mar,Q1,North,Lucknow,Neha Verma,Home,Air Purifier,4,16930,67720,41600,26120,0.3857058476077968,Existing,Online,74900,0.9041388518024032,0.19550183835415452,Pending,0,3.9
ORD-10036,2025-01-14,Jan,Q1,North,Lucknow,Neha Verma,Office,Laser Printer,12,20080,240960,151200,89760,0.37250996015936255,New,Online,227600,1.0586994727592267,-0.03421647153130435,Completed,0,4.2
ORD-10037,2025-10-07,Oct,Q4,East,Bhubaneswar,Riya Das,Office,Ergonomic Chair,3,12640,37920,22800,15120,0.3987341772151899,Existing,Offline,41700,0.9093525179856116,-0.06449190662138364,Pending,0,4.6
ORD-10038,2025-01-18,Jan,Q1,West,Mumbai,Meera Patel,Home,Microwave,5,12980,64900,41250,23650,0.3644067796610169,New,Online,59300,1.0944350758853287,0.04118073613590602,Completed,0.03,4.0
ORD-10039,2025-08-23,Aug,Q3,East,Kolkata,Riya Das,Accessories,Headphones,9,5520,49680,26280,23400,0.47101449275362317,New,Offline,54000,0.92,-0.07846441667188084,Completed,0.03,4.4
ORD-10040,2025-07-20,Jul,Q3,South,Hyderabad,Vikram Rao,Electronics,Smartphone X,3,30330,90990,68400,22590,0.24826904055390703,Existing,Online,101300,0.89822309970385,-0.05669337698508462,Completed,0.05,4.8
ORD-10041,2025-09-10,Sep,Q3,South,Hyderabad,Ananya Iyer,Electronics,Smartphone X,1,28790,28790,22800,5990,0.20805835359499827,Existing,Online,27200,1.058455882352941,0.15984440126192162,Completed,0.08,4.6
ORD-10042,2025-01-09,Jan,Q1,North,Delhi,Neha Verma,Home,Microwave,5,13120,65600,41250,24350,0.3711890243902439,Existing,Online,64800,1.0123456790123457,0.11040122952553237,Completed,0.05,3.5
ORD-10043,2025-10-08,Oct,Q4,East,Bhubaneswar,Riya Das,Electronics,Laptop Pro,2,71540,143080,105000,38080,0.26614481409001955,New,Offline,166700,0.8583083383323336,-0.06490690039838018,Completed,0,4.3
ORD-10044,2025-09-23,Sep,Q3,South,Chennai,Ananya Iyer,Home,Microwave,10,12950,129500,82500,47000,0.36293436293436293,Existing,Online,143600,0.9018105849582173,0.1541437538620053,Completed,0.05,4.7
ORD-10045,2025-09-11,Sep,Q3,East,Bhubaneswar,Aarav Sen,Home,Microwave,4,13290,53160,33000,20160,0.3792325056433409,Existing,Online,62100,0.8560386473429952,-0.013649291821154694,Completed,0.03,4.0
ORD-10046,2025-01-15,Jan,Q1,West,Mumbai,Meera Patel,Office,Ergonomic Chair,12,13080,156960,91200,65760,0.41896024464831805,New,Offline,143300,1.095324494068388,0.13636750018317956,Completed,0,3.4
ORD-10047,2025-05-18,May,Q2,South,Bengaluru,Ananya Iyer,Home,Air Purifier,15,15760,236400,156000,80400,0.3401015228426396,Existing,Online,272400,0.8678414096916299,0.039265340889545516,Completed,0.08,3.9
ORD-10048,2025-02-23,Feb,Q1,East,Patna,Riya Das,Office,Ergonomic Chair,10,12330,123300,76000,47300,0.38361719383617193,New,Offline,115500,1.0675324675324676,0.04458519306151147,Completed,0.03,3.9
ORD-10049,2025-08-02,Aug,Q3,South,Hyderabad,Vikram Rao,Accessories,Keyboard,16,4040,64640,28160,36480,0.5643564356435643,Existing,Online,62100,1.040901771336554,-0.018863887279197696,Pending,0,5.0
ORD-10050,2025-05-16,May,Q2,East,Patna,Aarav Sen,Accessories,Keyboard,8,3700,29600,14080,15520,0.5243243243243243,Existing,Online,27800,1.064748201438849,0.08677059511108491,Completed,0.03,3.8
ORD-10051,2025-07-09,Jul,Q3,West,Mumbai,Meera Patel,Home,Vacuum Cleaner,6,12070,72420,42600,29820,0.4117647058823529,Existing,Online,67000,1.0808955223880596,0.07370722855011562,Completed,0,3.6
ORD-10052,2025-04-05,Apr,Q2,North,Jaipur,Neha Verma,Accessories,Keyboard,1,3820,3820,1760,2060,0.5392670157068062,New,Online,3600,1.0611111111111111,0.028995379532057983,Completed,0.05,3.9
ORD-10053,2025-03-26,Mar,Q1,South,Bengaluru,Ananya Iyer,Home,Air Purifier,8,16250,130000,83200,46800,0.36,Existing,Online,128000,1.015625,0.17218715575463905,Completed,0,4.6
ORD-10054,2025-05-16,May,Q2,West,Mumbai,Meera Patel,Home,Vacuum Cleaner,14,10710,149940,99400,50540,0.3370681605975724,New,Offline,176200,0.8509648127128263,-0.056327132776426356,Completed,0.08,4.8
ORD-10055,2025-06-19,Jun,Q2,East,Patna,Aarav Sen,Electronics,Smartphone X,1,33280,33280,22800,10480,0.31490384615384615,New,Offline,31000,1.0735483870967741,0.008182114403306878,Completed,0,3.7
ORD-10056,2025-10-03,Oct,Q4,East,Patna,Aarav Sen,Accessories,Headphones,7,5470,38290,20440,17850,0.46617915904936014,New,Online,40900,0.9361858190709046,0.14379765848914572,Completed,0.05,3.8
ORD-10057,2025-10-05,Oct,Q4,East,Bhubaneswar,Riya Das,Accessories,Wireless Mouse,15,2090,31350,13950,17400,0.5550239234449761,Existing,Online,35000,0.8957142857142857,0.09227212389698995,Completed,0,4.0
ORD-10058,2025-11-25,Nov,Q4,South,Hyderabad,Vikram Rao,Home,Microwave,16,13030,208480,132000,76480,0.3668457405986186,New,Offline,216800,0.9616236162361623,0.057131383954352896,Completed,0.05,4.5
ORD-10059,2025-07-17,Jul,Q3,East,Bhubaneswar,Riya Das,Office,Laser Printer,3,17420,52260,37800,14460,0.2766934557979334,Existing,Offline,61400,0.8511400651465798,0.031471623841174134,Completed,0.08,4.3
ORD-10060,2025-12-27,Dec,Q4,East,Kolkata,Aarav Sen,Home,Vacuum Cleaner,16,11260,180160,113600,66560,0.369449378330373,Existing,Offline,187000,0.9634224598930481,-0.04243775409502753,Completed,0.05,4.4
ORD-10061,2025-10-29,Oct,Q4,South,Hyderabad,Ananya Iyer,Electronics,Smartphone X,11,32500,357500,250800,106700,0.29846153846153844,New,Offline,380000,0.9407894736842105,-0.03414937824675973,Completed,0.03,4.8
ORD-10062,2025-03-20,Mar,Q1,East,Bhubaneswar,Aarav Sen,Office,Standing Desk,3,20190,60570,41700,18870,0.31154036651807826,Existing,Offline,57000,1.0626315789473684,-0.04890240597199215,Completed,0.08,3.4
ORD-10063,2025-03-24,Mar,Q1,East,Bhubaneswar,Riya Das,Electronics,Smartphone X,7,29550,206850,159600,47250,0.22842639593908629,New,Online,226600,0.9128420123565755,0.15480672843014193,Completed,0.08,3.6
ORD-10064,2025-08-07,Aug,Q3,East,Kolkata,Riya Das,Accessories,Wireless Mouse,5,2100,10500,4650,5850,0.5571428571428572,Existing,Online,9600,1.09375,-0.03698784374622513,Pending,0.03,4.0
ORD-10065,2025-03-29,Mar,Q1,West,Ahmedabad,Meera Patel,Accessories,Keyboard,16,3610,57760,28160,29600,0.5124653739612188,New,Online,58000,0.9958620689655172,0.027596123653114202,Completed,0.08,3.9
ORD-10066,2025-07-13,Jul,Q3,South,Bengaluru,Ananya Iyer,Home,Microwave,16,13540,216640,132000,84640,0.3906942392909897,Existing,Online,239600,0.9041736227045075,0.06332397285422063,Completed,0,4.2
ORD-10067,2025-03-03,Mar,Q1,North,Lucknow,Neha Verma,Accessories,Keyboard,16,3940,63040,28160,34880,0.5532994923857868,New,Offline,63700,0.9896389324960754,-0.011101616667727188,Completed,0.03,4.3
ORD-10068,2025-04-17,Apr,Q2,North,Jaipur,Arjun Malhotra,Accessories,Headphones,12,5290,63480,35040,28440,0.44801512287334594,Existing,Online,60600,1.0475247524752476,0.1751709506363608,Completed,0.08,3.9
ORD-10069,2025-01-06,Jan,Q1,East,Kolkata,Aarav Sen,Accessories,Keyboard,1,3650,3650,1760,1890,0.5178082191780822,Existing,Offline,3600,1.0138888888888888,0.07801794648722153,Completed,0.08,4.0
ORD-10070,2025-01-23,Jan,Q1,East,Patna,Aarav Sen,Electronics,Laptop Pro,7,72670,508690,367500,141190,0.2775560754093849,Existing,Offline,546900,0.9301334796123606,-0.07743150104351351,Completed,0,3.9
ORD-10071,2025-07-24,Jul,Q3,West,Ahmedabad,Kabir Shah,Accessories,Headphones,4,5740,22960,11680,11280,0.4912891986062718,New,Offline,26000,0.8830769230769231,0.18499628959902015,Completed,0.03,3.8
ORD-10072,2025-02-10,Feb,Q1,South,Chennai,Ananya Iyer,Accessories,Keyboard,5,3690,18450,8800,9650,0.5230352303523035,New,Online,19100,0.9659685863874345,0.049672609786229074,Completed,0.03,3.9
ORD-10073,2025-11-13,Nov,Q4,East,Patna,Riya Das,Electronics,Tablet Plus,2,26170,52340,36800,15540,0.2969048528849828,New,Offline,52300,1.0007648183556406,0.03786652702669607,Completed,0.03,4.1
ORD-10074,2025-06-01,Jun,Q2,West,Mumbai,Meera Patel,Accessories,Headphones,16,5750,92000,46720,45280,0.49217391304347824,New,Online,97800,0.9406952965235174,-0.04374996243881042,Completed,0.03,4.2
ORD-10075,2025-02-05,Feb,Q1,West,Ahmedabad,Kabir Shah,Electronics,Laptop Pro,8,71680,573440,420000,153440,0.267578125,New,Offline,647800,0.8852114850262427,0.026899815630745255,Completed,0,3.7
ORD-10076,2025-10-29,Oct,Q4,West,Pune,Kabir Shah,Office,Ergonomic Chair,4,11300,45200,30400,14800,0.3274336283185841,New,Offline,42000,1.0761904761904761,0.1967199940424197,Cancelled,0.08,4.6
ORD-10077,2025-01-18,Jan,Q1,South,Hyderabad,Vikram Rao,Electronics,Laptop Pro,16,68390,1094240,840000,254240,0.2323439099283521,Existing,Offline,1132600,0.9661310259579728,-0.04370922964791374,Completed,0.08,4.5
ORD-10078,2025-01-04,Jan,Q1,East,Patna,Aarav Sen,Office,Ergonomic Chair,11,11570,127270,83600,43670,0.34312878133102853,Existing,Online,126100,1.0092783505154639,0.08851998829214978,Completed,0.08,4.8
ORD-10079,2025-10-16,Oct,Q4,East,Kolkata,Aarav Sen,Office,Laser Printer,16,17510,280160,201600,78560,0.2804111936036551,Existing,Offline,272400,1.0284875183553597,-0.03403449992944756,Completed,0.08,4.3
ORD-10080,2025-08-03,Aug,Q3,West,Mumbai,Meera Patel,Home,Vacuum Cleaner,2,10510,21020,14200,6820,0.32445290199809707,Existing,Online,19800,1.0616161616161617,0.05841087155818954,Completed,0.08,4.8
ORD-10081,2025-01-06,Jan,Q1,West,Mumbai,Kabir Shah,Accessories,Wireless Mouse,13,2110,27430,12090,15340,0.5592417061611374,New,Online,28500,0.9624561403508772,0.007842805400786121,Completed,0.03,4.2
ORD-10082,2025-07-27,Jul,Q3,South,Bengaluru,Ananya Iyer,Office,Laser Printer,1,17990,17990,12600,5390,0.29961089494163423,Existing,Offline,18500,0.9724324324324324,0.15633542396277372,Completed,0.08,4.4
ORD-10083,2025-09-12,Sep,Q3,West,Ahmedabad,Kabir Shah,Accessories,Headphones,9,5370,48330,26280,22050,0.45623836126629425,New,Online,50100,0.9646706586826347,0.052462552587492176,Completed,0.05,3.6
ORD-10084,2025-01-24,Jan,Q1,East,Patna,Aarav Sen,Electronics,Smartphone X,4,28870,115480,91200,24280,0.21025285763768617,Existing,Offline,115400,1.0006932409012133,0.16534847185685853,Completed,0.08,4.3
ORD-10085,2025-12-18,Dec,Q4,North,Lucknow,Neha Verma,Accessories,Headphones,6,5890,35340,17520,17820,0.5042444821731749,Existing,Online,36100,0.9789473684210527,0.16161315875854154,Pending,0,4.5
ORD-10086,2025-11-12,Nov,Q4,East,Bhubaneswar,Riya Das,Electronics,Tablet Plus,7,26360,184520,128800,55720,0.30197268588770865,Existing,Online,203200,0.9080708661417323,-0.06851487328054806,Completed,0,4.4
ORD-10087,2025-06-21,Jun,Q2,South,Chennai,Ananya Iyer,Home,Air Purifier,14,14870,208180,145600,62580,0.30060524546065903,New,Online,200500,1.0383042394014963,0.007066255043468403,Completed,0.08,4.9
ORD-10088,2025-12-03,Dec,Q4,West,Ahmedabad,Kabir Shah,Home,Air Purifier,15,16530,247950,156000,91950,0.37084089534180276,Existing,Online,244500,1.0141104294478527,0.1329100219117122,Cancelled,0,4.5
ORD-10089,2025-06-15,Jun,Q2,North,Jaipur,Neha Verma,Home,Air Purifier,9,16260,146340,93600,52740,0.36039360393603936,Existing,Offline,156900,0.9326959847036329,0.12104673494239908,Completed,0.05,4.0
ORD-10090,2025-04-25,Apr,Q2,East,Kolkata,Aarav Sen,Electronics,Tablet Plus,1,25970,25970,18400,7570,0.29149018097805157,Existing,Offline,27700,0.9375451263537906,0.007770887356152126,Completed,0,3.9
ORD-10091,2025-10-18,Oct,Q4,North,Lucknow,Neha Verma,Home,Microwave,8,13040,104320,66000,38320,0.36733128834355827,Existing,Online,101400,1.0287968441814597,0.18828563351324346,Completed,0.03,3.8
ORD-10092,2025-08-14,Aug,Q3,North,Lucknow,Arjun Malhotra,Electronics,Smartphone X,8,32200,257600,182400,75200,0.2919254658385093,Existing,Offline,274300,0.9391177542836311,-0.06455878347974435,Completed,0,3.9
ORD-10093,2025-07-18,Jul,Q3,South,Hyderabad,Ananya Iyer,Home,Microwave,1,12750,12750,8250,4500,0.35294117647058826,New,Offline,12500,1.02,0.04103171303771812,Pending,0.08,4.4
ORD-10094,2025-08-08,Aug,Q3,North,Delhi,Arjun Malhotra,Electronics,Smartphone X,16,33320,533120,364800,168320,0.3157262905162065,Existing,Offline,499000,1.068376753507014,-0.023318108275770993,Completed,0,3.9
ORD-10095,2025-01-01,Jan,Q1,North,Lucknow,Arjun Malhotra,Home,Vacuum Cleaner,10,10700,107000,71000,36000,0.3364485981308411,Existing,Offline,119200,0.8976510067114094,0.015305028791647482,Completed,0.08,5.0
ORD-10096,2025-10-31,Oct,Q4,West,Ahmedabad,Kabir Shah,Home,Microwave,15,13920,208800,123750,85050,0.4073275862068966,New,Offline,243300,0.8581997533908755,0.1353498621425726,Completed,0,4.1
ORD-10097,2025-06-09,Jun,Q2,East,Patna,Aarav Sen,Home,Microwave,3,13850,41550,24750,16800,0.4043321299638989,Existing,Online,37800,1.0992063492063493,-0.009829915725973498,Pending,0,4.1
ORD-10098,2025-04-02,Apr,Q2,North,Delhi,Neha Verma,Home,Microwave,13,12960,168480,107250,61230,0.36342592592592593,Existing,Offline,172900,0.9744360902255639,0.018895856682434903,Cancelled,0.08,3.6
ORD-10099,2025-03-30,Mar,Q1,South,Hyderabad,Ananya Iyer,Accessories,Wireless Mouse,1,2140,2140,930,1210,0.5654205607476636,Existing,Offline,2200,0.9727272727272728,0.13264946864573635,Completed,0,4.1
ORD-10100,2025-07-22,Jul,Q3,East,Bhubaneswar,Aarav Sen,Electronics,Tablet Plus,11,24610,270710,202400,68310,0.2523364485981308,New,Offline,290100,0.9331609789727681,0.11481903688986646,Completed,0.05,3.6
ORD-10101,2025-04-28,Apr,Q2,North,Lucknow,Neha Verma,Home,Air Purifier,5,15520,77600,52000,25600,0.32989690721649484,Existing,Online,82000,0.9463414634146341,0.15741856518986558,Completed,0.08,3.4
ORD-10102,2025-09-19,Sep,Q3,West,Pune,Kabir Shah,Home,Microwave,9,13260,119340,74250,45090,0.3778280542986425,Existing,Offline,140500,0.8493950177935943,0.12793993373806178,Completed,0,4.2
ORD-10103,2025-12-28,Dec,Q4,North,Jaipur,Neha Verma,Accessories,Keyboard,9,3920,35280,15840,19440,0.5510204081632653,Existing,Offline,33500,1.0531343283582089,0.18364419161364964,Completed,0.03,5.0
ORD-10104,2025-04-23,Apr,Q2,West,Pune,Kabir Shah,Accessories,Wireless Mouse,2,2100,4200,1860,2340,0.5571428571428572,Existing,Offline,4100,1.024390243902439,-0.05127448346037216,Completed,0.03,3.5
ORD-10105,2025-10-20,Oct,Q4,East,Kolkata,Aarav Sen,Electronics,Smartphone X,5,32260,161300,114000,47300,0.29324240545567265,Existing,Online,156000,1.033974358974359,-0.05398359763720497,Completed,0,5.0
ORD-10106,2025-02-12,Feb,Q1,West,Pune,Meera Patel,Office,Laser Printer,12,19950,239400,151200,88200,0.3684210526315789,Existing,Online,229600,1.0426829268292683,0.15262513194400595,Pending,0,3.4
ORD-10107,2025-07-05,Jul,Q3,East,Kolkata,Aarav Sen,Office,Laser Printer,5,19240,96200,63000,33200,0.34511434511434513,New,Offline,104100,0.9241114313160422,0.16830997012197202,Completed,0,3.9
ORD-10108,2025-07-02,Jul,Q3,South,Hyderabad,Ananya Iyer,Accessories,Keyboard,4,3570,14280,7040,7240,0.5070028011204482,New,Offline,16100,0.8869565217391304,-0.026569379912606127,Completed,0.08,4.4
ORD-10109,2025-09-28,Sep,Q3,North,Jaipur,Arjun Malhotra,Home,Microwave,10,13380,133800,82500,51300,0.3834080717488789,New,Offline,131700,1.0159453302961277,-0.019966958897770642,Completed,0.03,4.3
ORD-10110,2025-05-27,May,Q2,East,Patna,Aarav Sen,Electronics,Tablet Plus,13,24570,319410,239200,80210,0.2511192511192511,Existing,Online,325200,0.9821955719557196,0.019349163299008848,Completed,0.08,4.4
ORD-10111,2025-07-26,Jul,Q3,West,Ahmedabad,Kabir Shah,Accessories,Headphones,12,5280,63360,35040,28320,0.44696969696969696,New,Offline,62700,1.0105263157894737,-0.0022594749827596905,Completed,0.08,4.6
ORD-10112,2025-05-04,May,Q2,West,Pune,Meera Patel,Office,Laser Printer,16,19200,307200,201600,105600,0.34375,New,Offline,293600,1.0463215258855585,0.180995119063739,Completed,0,4.2
ORD-10113,2025-04-25,Apr,Q2,North,Jaipur,Neha Verma,Office,Standing Desk,1,21180,21180,13900,7280,0.3437204910292729,Existing,Online,22700,0.9330396475770925,0.12061697363988176,Completed,0,4.8
ORD-10114,2025-01-22,Jan,Q1,North,Lucknow,Arjun Malhotra,Electronics,Tablet Plus,10,25820,258200,184000,74200,0.28737412858249417,New,Online,268500,0.9616387337057728,0.1970473731131781,Completed,0,4.0
ORD-10115,2025-03-04,Mar,Q1,North,Jaipur,Neha Verma,Home,Air Purifier,9,15240,137160,93600,43560,0.31758530183727035,Existing,Online,153800,0.8918075422626788,0.0951572090459029,Cancelled,0.08,4.0
ORD-10116,2025-06-15,Jun,Q2,East,Bhubaneswar,Riya Das,Electronics,Laptop Pro,15,72160,1082400,787500,294900,0.272450110864745,Existing,Online,1168100,0.9266329937505351,0.09558020420333983,Completed,0,4.2
ORD-10117,2025-03-17,Mar,Q1,North,Lucknow,Neha Verma,Electronics,Smartphone X,9,30760,276840,205200,71640,0.258777633289987,Existing,Offline,301700,0.9176002651640702,-0.07394744172553666,Completed,0.05,4.0
ORD-10118,2025-11-15,Nov,Q4,South,Chennai,Ananya Iyer,Electronics,Tablet Plus,14,26760,374640,257600,117040,0.312406576980568,Existing,Online,354800,1.0559188275084554,0.01660910629803186,Pending,0,4.0
ORD-10119,2025-01-24,Jan,Q1,East,Bhubaneswar,Aarav Sen,Accessories,Wireless Mouse,1,1960,1960,930,1030,0.5255102040816326,New,Online,2300,0.8521739130434782,0.0936013906535688,Completed,0.08,4.5
ORD-10120,2025-05-30,May,Q2,East,Patna,Riya Das,Electronics,Laptop Pro,14,72030,1008420,735000,273420,0.27113702623906705,Existing,Online,1139200,0.8852001404494382,0.1610621784571719,Completed,0,5.0
ORD-10121,2025-06-25,Jun,Q2,East,Patna,Aarav Sen,Accessories,Keyboard,6,3650,21900,10560,11340,0.5178082191780822,Existing,Online,22700,0.9647577092511013,0.190874403376962,Completed,0.08,4.7
ORD-10122,2025-05-14,May,Q2,North,Lucknow,Arjun Malhotra,Accessories,Keyboard,11,4030,44330,19360,24970,0.5632754342431762,New,Offline,48900,0.9065439672801636,0.08105619575276314,Completed,0,5.0
ORD-10123,2025-12-05,Dec,Q4,South,Bengaluru,Vikram Rao,Accessories,Headphones,10,5980,59800,29200,30600,0.5117056856187291,Existing,Online,61200,0.9771241830065359,-0.07144748335584235,Completed,0,3.8
ORD-10124,2025-11-27,Nov,Q4,West,Mumbai,Kabir Shah,Home,Vacuum Cleaner,9,11360,102240,63900,38340,0.375,New,Offline,94300,1.0841993637327678,0.19142373200425428,Completed,0.05,4.1
ORD-10125,2025-12-14,Dec,Q4,South,Hyderabad,Vikram Rao,Home,Air Purifier,7,15370,107590,72800,34790,0.32335718932986335,Existing,Offline,104300,1.0315436241610738,0.13374824178012812,Completed,0.08,3.9
ORD-10126,2025-10-20,Oct,Q4,North,Delhi,Arjun Malhotra,Office,Ergonomic Chair,16,11890,190240,121600,68640,0.3608074011774601,New,Offline,194700,0.9770929635336415,0.06318861161956808,Completed,0.08,3.4
ORD-10127,2025-10-19,Oct,Q4,East,Kolkata,Aarav Sen,Electronics,Smartphone X,7,32340,226380,159600,66780,0.2949907235621521,Existing,Offline,248400,0.9113526570048309,0.060816131565260986,Completed,0.03,4.6
ORD-10128,2025-10-23,Oct,Q4,East,Kolkata,Aarav Sen,Electronics,Laptop Pro,10,69000,690000,525000,165000,0.2391304347826087,Existing,Online,736600,0.9367363562313331,-0.02212590041327965,Completed,0.05,3.4
ORD-10129,2025-12-24,Dec,Q4,East,Kolkata,Aarav Sen,Home,Microwave,15,13030,195450,123750,71700,0.3668457405986186,New,Online,187900,1.0401809473124002,0.17175020908406413,Completed,0.08,4.8
ORD-10130,2025-04-08,Apr,Q2,North,Delhi,Arjun Malhotra,Office,Standing Desk,16,20860,333760,222400,111360,0.3336529242569511,New,Offline,325300,1.026006762988011,-4.442540476730372e-05,Completed,0,4.1
ORD-10131,2025-10-29,Oct,Q4,South,Chennai,Ananya Iyer,Electronics,Smartphone X,4,29710,118840,91200,27640,0.23258162234937732,Existing,Offline,132700,0.8955538809344386,0.18607420329071045,Completed,0.08,3.8
ORD-10132,2025-03-01,Mar,Q1,West,Pune,Kabir Shah,Office,Standing Desk,12,22040,264480,166800,97680,0.36932849364791287,Existing,Offline,272100,0.9719955898566703,0.0673799974529301,Completed,0,3.9
ORD-10133,2025-09-17,Sep,Q3,West,Mumbai,Kabir Shah,Office,Laser Printer,1,19260,19260,12600,6660,0.34579439252336447,New,Offline,17900,1.0759776536312848,0.18066058880522368,Completed,0.03,3.6
ORD-10134,2025-04-07,Apr,Q2,North,Delhi,Arjun Malhotra,Accessories,Wireless Mouse,1,2010,2010,930,1080,0.5373134328358209,New,Online,2300,0.8739130434782608,0.15424417174051136,Completed,0.08,3.7
ORD-10135,2025-06-18,Jun,Q2,West,Ahmedabad,Kabir Shah,Accessories,Headphones,5,5710,28550,14600,13950,0.4886164623467601,New,Online,33100,0.8625377643504532,-0.07278022684205246,Completed,0.03,3.7
ORD-10136,2025-04-09,Apr,Q2,West,Ahmedabad,Meera Patel,Home,Air Purifier,10,15370,153700,104000,49700,0.32335718932986335,Existing,Offline,149000,1.0315436241610738,0.10276566195575774,Completed,0.08,4.5
ORD-10137,2025-06-27,Jun,Q2,West,Ahmedabad,Kabir Shah,Office,Standing Desk,1,20910,20910,13900,7010,0.335246293639407,New,Offline,19100,1.094764397905759,0.129926013035643,Completed,0.05,4.1
ORD-10138,2025-03-03,Mar,Q1,South,Bengaluru,Vikram Rao,Accessories,Keyboard,10,3840,38400,17600,20800,0.5416666666666666,Existing,Offline,42500,0.9035294117647059,-0.04213987717802558,Completed,0.03,4.2
ORD-10139,2025-09-09,Sep,Q3,South,Hyderabad,Vikram Rao,Office,Ergonomic Chair,2,12230,24460,15200,9260,0.3785772690106296,New,Offline,27600,0.886231884057971,0.07451613678371628,Completed,0,5.0
ORD-10140,2025-11-10,Nov,Q4,North,Jaipur,Arjun Malhotra,Electronics,Tablet Plus,7,23220,162540,128800,33740,0.20757967269595176,New,Online,188900,0.8604552673372154,0.14983177892047994,Completed,0.08,3.5
ORD-10141,2025-06-17,Jun,Q2,South,Chennai,Ananya Iyer,Accessories,Headphones,6,5770,34620,17520,17100,0.49393414211438474,New,Offline,33000,1.049090909090909,0.1486217831908037,Completed,0.05,4.1
ORD-10142,2025-04-06,Apr,Q2,South,Hyderabad,Ananya Iyer,Accessories,Wireless Mouse,3,2110,6330,2790,3540,0.5592417061611374,New,Online,6500,0.9738461538461538,0.03488379389312016,Pending,0,4.3
ORD-10143,2025-03-01,Mar,Q1,West,Pune,Kabir Shah,Electronics,Laptop Pro,4,69370,277480,210000,67480,0.24318869828456105,Existing,Online,287900,0.963806877387982,0.018098318590759915,Completed,0.08,4.8
ORD-10144,2025-12-29,Dec,Q4,East,Kolkata,Aarav Sen,Accessories,Headphones,3,5710,17130,8760,8370,0.4886164623467601,Existing,Online,18300,0.9360655737704918,0.17047114352149723,Completed,0.05,3.7
ORD-10145,2025-02-03,Feb,Q1,West,Pune,Meera Patel,Electronics,Tablet Plus,14,24870,348180,257600,90580,0.26015279453156415,Existing,Online,376500,0.9247808764940239,0.09385925823355172,Completed,0.03,3.7
ORD-10146,2025-08-08,Aug,Q3,South,Bengaluru,Ananya Iyer,Office,Laser Printer,4,20120,80480,50400,30080,0.37375745526838966,Existing,Offline,76600,1.0506527415143603,-0.04800020100658675,Completed,0,3.6
ORD-10147,2025-07-03,Jul,Q3,South,Bengaluru,Vikram Rao,Home,Microwave,7,13780,96460,57750,38710,0.40130624092888245,Existing,Offline,96900,0.9954592363261094,0.1993798046919285,Completed,0,4.3
ORD-10148,2025-04-05,Apr,Q2,North,Delhi,Arjun Malhotra,Electronics,Tablet Plus,8,25520,204160,147200,56960,0.27899686520376177,Existing,Offline,235900,0.8654514624841034,0.015181882600913743,Completed,0,4.5
ORD-10149,2025-10-10,Oct,Q4,West,Ahmedabad,Kabir Shah,Home,Microwave,15,14060,210900,123750,87150,0.4132290184921764,New,Offline,217300,0.970547630004602,-0.06877946527691126,Completed,0,4.8
ORD-10150,2025-10-12,Oct,Q4,North,Delhi,Arjun Malhotra,Home,Vacuum Cleaner,8,11050,88400,56800,31600,0.3574660633484163,New,Online,85500,1.0339181286549708,0.14968009347004352,Completed,0.05,3.7
ORD-10151,2025-06-12,Jun,Q2,North,Delhi,Neha Verma,Home,Air Purifier,10,17080,170800,104000,66800,0.3911007025761124,Existing,Offline,166300,1.0270595309681299,-0.0059285081957936026,Completed,0,4.6
ORD-10152,2025-02-11,Feb,Q1,West,Ahmedabad,Kabir Shah,Home,Air Purifier,7,16200,113400,72800,40600,0.35802469135802467,New,Online,113300,1.000882612533098,-0.01294056159387623,Completed,0,4.4
ORD-10153,2025-11-18,Nov,Q4,South,Hyderabad,Ananya Iyer,Office,Standing Desk,10,20670,206700,139000,67700,0.32752781809385584,New,Online,198100,1.0434124179707218,0.06354869045488944,Completed,0.03,4.9
ORD-10154,2025-11-09,Nov,Q4,North,Lucknow,Arjun Malhotra,Accessories,Wireless Mouse,12,2140,25680,11160,14520,0.5654205607476636,New,Offline,29700,0.8646464646464647,0.047523653416257985,Completed,0.03,4.2
ORD-10155,2025-03-18,Mar,Q1,West,Pune,Meera Patel,Electronics,Laptop Pro,10,72060,720600,525000,195600,0.2714404662781016,Existing,Online,666800,1.0806838632273545,0.18333152240703576,Completed,0,4.9
ORD-10156,2025-03-11,Mar,Q1,North,Jaipur,Arjun Malhotra,Office,Standing Desk,5,19490,97450,69500,27950,0.28681375064135456,New,Online,111600,0.8732078853046595,-0.02463836082890037,Completed,0.05,3.6
ORD-10157,2025-10-05,Oct,Q4,North,Lucknow,Arjun Malhotra,Office,Ergonomic Chair,8,12180,97440,60800,36640,0.3760262725779967,New,Online,89600,1.0875,0.15867772271818503,Completed,0,3.7
ORD-10158,2025-08-29,Aug,Q3,West,Mumbai,Meera Patel,Home,Air Purifier,15,15920,238800,156000,82800,0.34673366834170855,New,Offline,264600,0.9024943310657596,0.1103358781720274,Completed,0.03,3.9
ORD-10159,2025-03-26,Mar,Q1,West,Pune,Kabir Shah,Home,Microwave,7,13270,92890,57750,35140,0.37829691032403917,New,Online,107300,0.8657036346691519,-0.04008533371233716,Completed,0,4.4
ORD-10160,2025-11-07,Nov,Q4,South,Hyderabad,Vikram Rao,Home,Vacuum Cleaner,1,11170,11170,7100,4070,0.36436884512085943,New,Offline,10700,1.04392523364486,0.02144148986340977,Completed,0,4.4
ORD-10161,2025-10-20,Oct,Q4,East,Bhubaneswar,Aarav Sen,Accessories,Headphones,1,5630,5630,2920,2710,0.48134991119005327,Existing,Offline,5800,0.9706896551724138,0.005191485874217583,Completed,0,3.4
ORD-10162,2025-09-10,Sep,Q3,West,Pune,Kabir Shah,Accessories,Keyboard,8,3900,31200,14080,17120,0.5487179487179488,New,Online,36400,0.8571428571428571,-0.0057290646426365055,Completed,0,3.6
ORD-10163,2025-02-18,Feb,Q1,East,Kolkata,Aarav Sen,Home,Microwave,6,13490,80940,49500,31440,0.38843587842846555,Existing,Offline,90500,0.8943646408839779,0.0720149033793326,Completed,0,3.7
ORD-10164,2025-11-23,Nov,Q4,West,Ahmedabad,Kabir Shah,Office,Laser Printer,11,19200,211200,138600,72600,0.34375,Existing,Offline,243800,0.8662838392124692,0.1293146540633554,Completed,0,4.5
ORD-10165,2025-07-20,Jul,Q3,West,Ahmedabad,Kabir Shah,Electronics,Laptop Pro,14,70780,990920,735000,255920,0.25826504662333993,New,Online,1145500,0.8650545613269315,0.15421316565239707,Completed,0,4.2
ORD-10166,2025-10-24,Oct,Q4,South,Hyderabad,Vikram Rao,Accessories,Wireless Mouse,6,2200,13200,5580,7620,0.5772727272727273,New,Offline,12100,1.0909090909090908,0.06567609391513,Completed,0,3.5
ORD-10167,2025-07-03,Jul,Q3,South,Hyderabad,Vikram Rao,Home,Microwave,14,13520,189280,115500,73780,0.38979289940828404,Existing,Offline,172100,1.0998256827425916,0.1843124650331055,Completed,0.03,3.5
ORD-10168,2025-09-01,Sep,Q3,East,Kolkata,Aarav Sen,Electronics,Tablet Plus,6,25910,155460,110400,45060,0.28984947896565033,Existing,Offline,164400,0.9456204379562044,0.054061028536533204,Completed,0,3.9
ORD-10169,2025-06-17,Jun,Q2,North,Delhi,Neha Verma,Office,Laser Printer,4,19270,77080,50400,26680,0.3461338868707836,Existing,Offline,85300,0.9036342321219226,0.11822735184988441,Completed,0,4.2
ORD-10170,2025-08-04,Aug,Q3,South,Hyderabad,Vikram Rao,Accessories,Keyboard,2,4080,8160,3520,4640,0.5686274509803921,New,Online,7600,1.0736842105263158,0.19131268174272043,Completed,0,4.9
ORD-10171,2025-05-26,May,Q2,East,Kolkata,Aarav Sen,Accessories,Keyboard,5,3600,18000,8800,9200,0.5111111111111111,New,Offline,19800,0.9090909090909091,-0.008894173540126268,Completed,0.08,4.2
ORD-10172,2025-11-23,Nov,Q4,East,Bhubaneswar,Riya Das,Home,Vacuum Cleaner,12,11190,134280,85200,49080,0.36550491510277033,Existing,Online,123500,1.0872874493927125,0.05797839776534493,Completed,0,4.4
ORD-10173,2025-10-11,Oct,Q4,East,Patna,Riya Das,Electronics,Smartphone X,1,31060,31060,22800,8260,0.2659368963296845,Existing,Offline,32200,0.9645962732919254,0.1136259269080107,Completed,0,4.0
ORD-10174,2025-06-02,Jun,Q2,North,Lucknow,Neha Verma,Home,Vacuum Cleaner,14,11010,154140,99400,54740,0.35513169845594916,Existing,Online,142900,1.0786564030790762,0.07088652774046149,Completed,0.03,5.0
ORD-10175,2025-07-13,Jul,Q3,West,Mumbai,Kabir Shah,Home,Air Purifier,11,15780,173580,114400,59180,0.3409378960709759,Existing,Online,187200,0.9272435897435898,-0.06462492065053502,Completed,0.03,3.8
ORD-10176,2025-12-03,Dec,Q4,North,Lucknow,Arjun Malhotra,Accessories,Wireless Mouse,2,2080,4160,1860,2300,0.5528846153846154,Existing,Offline,4900,0.8489795918367347,0.11713992968570867,Completed,0,4.4
ORD-10177,2025-10-31,Oct,Q4,West,Pune,Kabir Shah,Office,Laser Printer,11,19190,211090,138600,72490,0.34340802501302764,Existing,Offline,238400,0.8854446308724833,0.05884726076041798,Completed,0.05,4.8
ORD-10178,2025-04-24,Apr,Q2,South,Hyderabad,Ananya Iyer,Accessories,Wireless Mouse,1,2050,2050,930,1120,0.5463414634146342,Existing,Offline,2300,0.8913043478260869,0.10821042268468505,Completed,0,4.9
ORD-10179,2025-11-13,Nov,Q4,North,Jaipur,Arjun Malhotra,Home,Vacuum Cleaner,1,10990,10990,7100,3890,0.353958143767061,Existing,Offline,10900,1.008256880733945,0.0942049368329221,Completed,0.05,4.9
ORD-10180,2025-08-06,Aug,Q3,West,Mumbai,Meera Patel,Office,Ergonomic Chair,7,12120,84840,53200,31640,0.37293729372937295,Existing,Offline,77400,1.096124031007752,-0.07901942601797661,Completed,0.03,3.8
ORD-10181,2025-04-24,Apr,Q2,East,Kolkata,Riya Das,Electronics,Laptop Pro,15,68810,1032150,787500,244650,0.237029501525941,Existing,Offline,1128900,0.9142971033749668,0.1966114564108855,Completed,0.03,4.0
ORD-10182,2025-11-30,Nov,Q4,West,Pune,Meera Patel,Home,Air Purifier,9,16550,148950,93600,55350,0.3716012084592145,Existing,Offline,138200,1.0777858176555717,0.12625589840506307,Completed,0,4.7
ORD-10183,2025-07-24,Jul,Q3,East,Bhubaneswar,Riya Das,Office,Laser Printer,14,19060,266840,176400,90440,0.3389296956977964,Existing,Online,304500,0.8763218390804598,0.06793025791069839,Completed,0,3.4
ORD-10184,2025-03-17,Mar,Q1,North,Jaipur,Neha Verma,Office,Ergonomic Chair,10,12070,120700,76000,44700,0.37033968516984256,Existing,Offline,140900,0.8566359119943222,-0.009463482292405567,Completed,0.03,3.5
ORD-10185,2025-06-23,Jun,Q2,South,Chennai,Ananya Iyer,Office,Ergonomic Chair,5,12170,60850,38000,22850,0.37551355792933444,Existing,Offline,58300,1.0437392795883362,0.12534462139073688,Completed,0.03,4.8
ORD-10186,2025-03-18,Mar,Q1,South,Hyderabad,Vikram Rao,Home,Microwave,13,13040,169520,107250,62270,0.36733128834355827,New,Offline,184300,0.9198046663049376,-0.06948248264885686,Completed,0.05,3.4
ORD-10187,2025-03-28,Mar,Q1,North,Lucknow,Neha Verma,Home,Microwave,6,12890,77340,49500,27840,0.3599689681923972,New,Offline,71100,1.0877637130801687,0.17058737277924046,Completed,0.08,4.2
ORD-10188,2025-06-03,Jun,Q2,North,Lucknow,Arjun Malhotra,Accessories,Headphones,7,5240,36680,20440,16240,0.44274809160305345,Existing,Online,35800,1.0245810055865923,0.020315620604274345,Completed,0.08,3.4
ORD-10189,2025-08-29,Aug,Q3,North,Delhi,Arjun Malhotra,Accessories,Headphones,9,5350,48150,26280,21870,0.4542056074766355,Existing,Online,48100,1.001039501039501,0.14986460140205277,Completed,0.08,4.8
ORD-10190,2025-06-15,Jun,Q2,South,Bengaluru,Vikram Rao,Electronics,Tablet Plus,6,25880,155280,110400,44880,0.2890262751159196,Existing,Offline,159000,0.9766037735849057,0.106634361621025,Pending,0,4.6
ORD-10191,2025-04-08,Apr,Q2,West,Mumbai,Meera Patel,Home,Vacuum Cleaner,13,10950,142350,92300,50050,0.3515981735159817,Existing,Online,157800,0.9020912547528517,0.16514878392200255,Pending,0.08,3.9
ORD-10192,2025-08-01,Aug,Q3,South,Bengaluru,Vikram Rao,Accessories,Keyboard,9,3780,34020,15840,18180,0.5343915343915344,Existing,Online,39000,0.8723076923076923,0.03636108598485226,Completed,0.05,4.8
ORD-10193,2025-12-20,Dec,Q4,North,Jaipur,Arjun Malhotra,Accessories,Headphones,9,5350,48150,26280,21870,0.4542056074766355,New,Online,45900,1.0490196078431373,0.17033344263930422,Completed,0.05,4.6
ORD-10194,2025-06-14,Jun,Q2,West,Mumbai,Kabir Shah,Home,Microwave,11,13640,150040,90750,59290,0.3951612903225806,Existing,Offline,148800,1.0083333333333333,-0.013154362728580477,Completed,0.03,4.1
ORD-10195,2025-08-11,Aug,Q3,South,Chennai,Vikram Rao,Electronics,Tablet Plus,5,26300,131500,92000,39500,0.30038022813688214,Existing,Offline,126300,1.0411718131433096,0.03377852141125254,Completed,0.03,4.0
ORD-10196,2025-02-13,Feb,Q1,West,Pune,Meera Patel,Home,Microwave,9,12870,115830,74250,41580,0.358974358974359,Existing,Online,109300,1.0597438243366881,0.06139619349696142,Completed,0.08,4.9
ORD-10197,2025-02-09,Feb,Q1,South,Hyderabad,Vikram Rao,Accessories,Headphones,8,5250,42000,23360,18640,0.4438095238095238,Existing,Online,44000,0.9545454545454546,0.1476453097786436,Cancelled,0.08,4.0
ORD-10198,2025-10-11,Oct,Q4,South,Hyderabad,Ananya Iyer,Home,Vacuum Cleaner,7,11530,80710,49700,31010,0.3842150910667823,New,Offline,88500,0.9119774011299435,0.044109420537886926,Completed,0,4.5
ORD-10199,2025-06-14,Jun,Q2,East,Bhubaneswar,Aarav Sen,Electronics,Smartphone X,4,31480,125920,91200,34720,0.27573062261753495,Existing,Online,145700,0.8642415923129718,-0.02490052263414568,Completed,0.03,4.5
ORD-10200,2025-07-29,Jul,Q3,South,Hyderabad,Vikram Rao,Accessories,Wireless Mouse,14,2200,30800,13020,17780,0.5772727272727273,Existing,Online,33300,0.924924924924925,-0.033625952556650365,Completed,0,4.1
ORD-10201,2025-06-18,Jun,Q2,North,Jaipur,Arjun Malhotra,Accessories,Keyboard,16,3640,58240,28160,30080,0.5164835164835165,Existing,Offline,55300,1.0531645569620254,0.07786521584494373,Completed,0.05,3.5
ORD-10202,2025-09-15,Sep,Q3,South,Bengaluru,Vikram Rao,Accessories,Keyboard,11,3840,42240,19360,22880,0.5416666666666666,New,Online,42400,0.9962264150943396,0.1301530805064568,Completed,0.05,4.2
ORD-10203,2025-04-29,Apr,Q2,South,Bengaluru,Ananya Iyer,Home,Vacuum Cleaner,11,11040,121440,78100,43340,0.35688405797101447,New,Offline,128900,0.9421256788207913,0.08408135137429508,Completed,0.08,4.2
ORD-10204,2025-06-05,Jun,Q2,East,Patna,Riya Das,Office,Ergonomic Chair,15,12260,183900,114000,69900,0.3800978792822186,Existing,Offline,214200,0.8585434173669467,0.10187319853203801,Completed,0.05,4.6
ORD-10205,2025-02-19,Feb,Q1,South,Chennai,Vikram Rao,Electronics,Tablet Plus,9,26180,235620,165600,70020,0.29717341482047366,New,Offline,259500,0.9079768786127168,0.015062704058943582,Completed,0,4.8
ORD-10206,2025-03-06,Mar,Q1,North,Delhi,Arjun Malhotra,Office,Ergonomic Chair,1,11270,11270,7600,3670,0.3256433007985803,Existing,Online,12900,0.8736434108527131,0.1610235456546591,Completed,0.08,4.1
ORD-10207,2025-04-08,Apr,Q2,South,Chennai,Ananya Iyer,Office,Ergonomic Chair,8,11230,89840,60800,29040,0.3232413178984862,New,Online,92700,0.9691477885652643,-0.055715130684801856,Completed,0.08,4.5
ORD-10208,2025-10-07,Oct,Q4,West,Pune,Kabir Shah,Accessories,Wireless Mouse,3,2190,6570,2790,3780,0.5753424657534246,New,Online,6100,1.0770491803278688,0.06364333830835488,Completed,0,3.7
ORD-10209,2025-10-14,Oct,Q4,East,Bhubaneswar,Aarav Sen,Home,Vacuum Cleaner,4,11540,46160,28400,17760,0.3847487001733102,New,Offline,51700,0.8928433268858801,0.06533325671344063,Completed,0,4.0
ORD-10210,2025-05-02,May,Q2,South,Hyderabad,Ananya Iyer,Electronics,Tablet Plus,9,24690,222210,165600,56610,0.254759011745646,Existing,Offline,258800,0.8586166924265842,0.1505835529615343,Completed,0.03,3.8
ORD-10211,2025-01-03,Jan,Q1,East,Kolkata,Riya Das,Office,Standing Desk,15,21810,327150,208500,118650,0.3626776707932141,New,Online,335500,0.9751117734724292,-0.0380371972757963,Pending,0,4.7
ORD-10212,2025-03-21,Mar,Q1,East,Bhubaneswar,Aarav Sen,Accessories,Headphones,11,6050,66550,32120,34430,0.5173553719008265,Existing,Offline,68300,0.9743777452415813,0.017184317668793095,Completed,0,3.7
ORD-10213,2025-09-21,Sep,Q3,East,Kolkata,Aarav Sen,Office,Ergonomic Chair,13,12650,164450,98800,65650,0.39920948616600793,Existing,Offline,170200,0.9662162162162162,0.15359095834200137,Completed,0,3.8
ORD-10214,2025-03-20,Mar,Q1,South,Chennai,Ananya Iyer,Home,Microwave,12,13470,161640,99000,62640,0.38752783964365256,New,Offline,189700,0.8520822351080654,-0.03249113290235822,Completed,0.03,3.9
ORD-10215,2025-08-12,Aug,Q3,North,Lucknow,Neha Verma,Office,Ergonomic Chair,9,12190,109710,68400,41310,0.37653814602132896,Existing,Offline,116600,0.9409090909090909,0.04072200483303465,Completed,0.05,3.7
ORD-10216,2025-09-29,Sep,Q3,North,Delhi,Arjun Malhotra,Office,Ergonomic Chair,7,12520,87640,53200,34440,0.3929712460063898,New,Offline,102700,0.8533592989289192,-0.014075986899880766,Completed,0,5.0
ORD-10217,2025-08-26,Aug,Q3,South,Hyderabad,Ananya Iyer,Accessories,Wireless Mouse,4,1970,7880,3720,4160,0.5279187817258884,New,Offline,8500,0.9270588235294117,-0.06689859735912729,Completed,0.08,4.3
ORD-10218,2025-06-26,Jun,Q2,West,Mumbai,Meera Patel,Electronics,Tablet Plus,6,25410,152460,110400,42060,0.27587563951200317,Existing,Online,158400,0.9625,0.19382322299355842,Completed,0,3.5
ORD-10219,2025-04-14,Apr,Q2,East,Kolkata,Aarav Sen,Accessories,Headphones,2,5440,10880,5840,5040,0.4632352941176471,New,Online,10500,1.036190476190476,-0.0030776707191991354,Cancelled,0.08,4.5
ORD-10220,2025-05-21,May,Q2,South,Bengaluru,Ananya Iyer,Office,Standing Desk,1,19620,19620,13900,5720,0.291539245667686,New,Online,21400,0.9168224299065421,-0.04402939492876516,Completed,0.08,4.8
ORD-10221,2025-08-17,Aug,Q3,North,Lucknow,Neha Verma,Electronics,Laptop Pro,7,70270,491890,367500,124390,0.2528817418528533,New,Offline,575500,0.8547176368375325,0.1553114497303303,Pending,0.05,3.6
ORD-10222,2025-06-12,Jun,Q2,East,Kolkata,Riya Das,Accessories,Headphones,1,5860,5860,2920,2940,0.5017064846416383,New,Online,6000,0.9766666666666667,-0.048795741047381075,Completed,0.03,4.7
ORD-10223,2025-11-24,Nov,Q4,South,Hyderabad,Vikram Rao,Home,Vacuum Cleaner,8,10720,85760,56800,28960,0.3376865671641791,Existing,Offline,80200,1.0693266832917705,0.005373735382909181,Completed,0.05,4.3
ORD-10224,2025-03-11,Mar,Q1,South,Hyderabad,Ananya Iyer,Office,Standing Desk,13,21440,278720,180700,98020,0.3516791044776119,Existing,Online,327000,0.8523547400611621,0.1273196939080838,Pending,0,4.9
ORD-10225,2025-12-02,Dec,Q4,North,Lucknow,Neha Verma,Accessories,Keyboard,7,3870,27090,12320,14770,0.5452196382428941,Existing,Offline,28800,0.940625,0.04131747527278909,Completed,0,4.9
ORD-10226,2025-12-08,Dec,Q4,West,Pune,Meera Patel,Office,Standing Desk,3,19460,58380,41700,16680,0.2857142857142857,New,Offline,60600,0.9633663366336633,0.11413358463699218,Completed,0.08,3.5
ORD-10227,2025-10-01,Oct,Q4,West,Ahmedabad,Kabir Shah,Electronics,Tablet Plus,6,26900,161400,110400,51000,0.3159851301115242,Existing,Offline,149900,1.076717811874583,0.10286101675691327,Completed,0,3.9
ORD-10228,2025-09-04,Sep,Q3,West,Ahmedabad,Meera Patel,Home,Microwave,8,12660,101280,66000,35280,0.34834123222748814,Existing,Online,113400,0.8931216931216931,0.05796024040860155,Completed,0.08,3.6
ORD-10229,2025-05-07,May,Q2,North,Lucknow,Neha Verma,Accessories,Keyboard,5,3880,19400,8800,10600,0.5463917525773195,New,Offline,20200,0.9603960396039604,0.018381229321173975,Completed,0.05,4.7
ORD-10230,2025-03-03,Mar,Q1,East,Bhubaneswar,Riya Das,Accessories,Headphones,14,5430,76020,40880,35140,0.4622467771639042,Existing,Online,69600,1.092241379310345,0.08870211473195934,Completed,0.05,4.6
ORD-10231,2025-08-06,Aug,Q3,South,Bengaluru,Ananya Iyer,Electronics,Laptop Pro,6,64880,389280,315000,74280,0.19081381011097412,Existing,Offline,451700,0.8618109364622537,0.12518928572215932,Completed,0.08,4.3
ORD-10232,2025-04-18,Apr,Q2,East,Patna,Riya Das,Office,Ergonomic Chair,3,12490,37470,22800,14670,0.3915132105684548,New,Online,34300,1.0924198250728863,0.11070391482442006,Completed,0.03,4.1
ORD-10233,2025-08-11,Aug,Q3,North,Lucknow,Neha Verma,Accessories,Keyboard,10,3980,39800,17600,22200,0.5577889447236181,New,Online,40400,0.9851485148514851,0.09981093666915412,Completed,0,4.9
ORD-10234,2025-05-28,May,Q2,South,Hyderabad,Ananya Iyer,Office,Laser Printer,12,20140,241680,151200,90480,0.3743793445878848,Existing,Online,262000,0.9224427480916031,0.15119002310065172,Completed,0,4.1
ORD-10235,2025-10-30,Oct,Q4,South,Bengaluru,Ananya Iyer,Office,Standing Desk,6,21700,130200,83400,46800,0.35944700460829493,Existing,Offline,117500,1.1080851063829786,0.05371092415009353,Completed,0,3.5
ORD-10236,2025-02-12,Feb,Q1,North,Lucknow,Neha Verma,Home,Air Purifier,11,16550,182050,114400,67650,0.3716012084592145,Existing,Online,178400,1.0204596412556053,-0.012111889891569513,Completed,0,4.9
ORD-10237,2025-03-24,Mar,Q1,South,Hyderabad,Vikram Rao,Office,Laser Printer,2,19530,39060,25200,13860,0.3548387096774194,Existing,Offline,37100,1.0528301886792453,0.13338495145310136,Completed,0,3.8
ORD-10238,2025-11-22,Nov,Q4,West,Ahmedabad,Kabir Shah,Home,Microwave,1,13520,13520,8250,5270,0.38979289940828404,Existing,Online,14000,0.9657142857142857,-0.05553534030148871,Completed,0.03,3.9
ORD-10239,2025-12-10,Dec,Q4,South,Chennai,Vikram Rao,Accessories,Keyboard,2,3840,7680,3520,4160,0.5416666666666666,Existing,Offline,8700,0.8827586206896552,0.10134235229970344,Completed,0,4.8
ORD-10240,2025-11-22,Nov,Q4,South,Hyderabad,Vikram Rao,Electronics,Tablet Plus,8,25700,205600,147200,58400,0.2840466926070039,Existing,Online,216900,0.9479022591055786,-0.019983830979935176,Completed,0.03,4.4
ORD-10241,2025-12-15,Dec,Q4,East,Kolkata,Aarav Sen,Electronics,Laptop Pro,16,64300,1028800,840000,188800,0.18351477449455678,New,Offline,1171700,0.8780404540411368,0.10155132734807153,Pending,0.08,4.0
ORD-10242,2025-05-23,May,Q2,North,Jaipur,Arjun Malhotra,Accessories,Keyboard,16,3880,62080,28160,33920,0.5463917525773195,Existing,Online,65700,0.9449010654490106,0.029185329489433184,Completed,0.05,4.6
ORD-10243,2025-03-08,Mar,Q1,North,Lucknow,Neha Verma,Electronics,Tablet Plus,7,25580,179060,128800,50260,0.28068803752931976,Existing,Online,189300,0.945905969360803,0.16476583225770886,Completed,0.03,4.5
ORD-10244,2025-08-23,Aug,Q3,South,Bengaluru,Ananya Iyer,Accessories,Wireless Mouse,14,2020,28280,13020,15260,0.5396039603960396,Existing,Online,32600,0.8674846625766871,-0.05988978758413445,Completed,0.03,4.2
ORD-10245,2025-10-08,Oct,Q4,South,Bengaluru,Ananya Iyer,Home,Microwave,7,12800,89600,57750,31850,0.35546875,Existing,Offline,85900,1.0430733410942956,0.16288107119403006,Completed,0.05,5.0
ORD-10246,2025-10-10,Oct,Q4,East,Kolkata,Aarav Sen,Office,Laser Printer,13,18650,242450,163800,78650,0.32439678284182305,New,Online,225000,1.0775555555555556,0.19019963846398674,Completed,0.08,4.8
ORD-10247,2025-09-29,Sep,Q3,South,Hyderabad,Vikram Rao,Accessories,Wireless Mouse,13,1980,25740,12090,13650,0.5303030303030303,Existing,Online,24600,1.0463414634146342,0.18913779475691084,Completed,0.08,3.9
ORD-10248,2025-07-20,Jul,Q3,North,Jaipur,Arjun Malhotra,Accessories,Headphones,2,5780,11560,5840,5720,0.49480968858131485,New,Offline,12200,0.9475409836065574,-0.01928302776485779,Completed,0,4.7
ORD-10249,2025-08-23,Aug,Q3,East,Kolkata,Aarav Sen,Office,Laser Printer,8,19000,152000,100800,51200,0.3368421052631579,New,Offline,166200,0.914560770156438,0.013353944927091035,Completed,0,4.9
ORD-10250,2025-01-16,Jan,Q1,South,Chennai,Vikram Rao,Office,Laser Printer,9,18560,167040,113400,53640,0.32112068965517243,New,Online,188200,0.8875664187035069,-0.06607148146570498,Completed,0.05,4.0
ORD-10251,2025-07-01,Jul,Q3,South,Chennai,Vikram Rao,Electronics,Tablet Plus,8,24900,199200,147200,52000,0.26104417670682734,Existing,Offline,188000,1.0595744680851065,-0.06514723794924049,Completed,0.08,4.1
ORD-10252,2025-07-15,Jul,Q3,South,Chennai,Ananya Iyer,Electronics,Smartphone X,16,29380,470080,364800,105280,0.22396187882913546,Existing,Offline,499300,0.9414780692970158,-0.07643846199666954,Completed,0.08,4.1
ORD-10253,2025-05-18,May,Q2,South,Hyderabad,Ananya Iyer,Electronics,Laptop Pro,3,73380,220140,157500,62640,0.28454619787408014,Existing,Online,227400,0.9680738786279683,0.10156983817537064,Completed,0,4.0
ORD-10254,2025-06-20,Jun,Q2,North,Jaipur,Neha Verma,Accessories,Wireless Mouse,12,2180,26160,11160,15000,0.573394495412844,New,Offline,24700,1.0591093117408907,-0.0470666971621713,Completed,0,3.5
ORD-10255,2025-07-11,Jul,Q3,South,Chennai,Vikram Rao,Home,Air Purifier,8,17090,136720,83200,53520,0.3914569923932124,Existing,Online,145400,0.9403026134800551,0.01661605212808616,Completed,0,4.4
ORD-10256,2025-09-21,Sep,Q3,North,Delhi,Arjun Malhotra,Home,Vacuum Cleaner,4,11790,47160,28400,18760,0.3977947413061917,Existing,Offline,50600,0.9320158102766798,0.10235683646516301,Completed,0,4.1
ORD-10257,2025-01-01,Jan,Q1,East,Kolkata,Aarav Sen,Electronics,Smartphone X,8,33050,264400,182400,82000,0.3101361573373676,Existing,Online,272500,0.9702752293577982,0.020420592795193954,Completed,0,4.4
ORD-10258,2025-12-06,Dec,Q4,West,Pune,Kabir Shah,Electronics,Tablet Plus,15,25730,385950,276000,109950,0.28488146132918774,Existing,Online,419300,0.9204626758883854,0.08752544126987795,Completed,0.03,4.3
ORD-10259,2025-02-23,Feb,Q1,South,Hyderabad,Ananya Iyer,Accessories,Wireless Mouse,1,1890,1890,930,960,0.5079365079365079,Existing,Online,1900,0.9947368421052631,-0.07848866207363678,Completed,0.08,4.6
ORD-10260,2025-02-23,Feb,Q1,West,Pune,Kabir Shah,Office,Laser Printer,10,17960,179600,126000,53600,0.2984409799554566,New,Online,181300,0.9906232763375621,0.04017808659377589,Completed,0.08,4.0
ORD-10261,2025-10-24,Oct,Q4,West,Ahmedabad,Meera Patel,Accessories,Keyboard,7,3570,24990,12320,12670,0.5070028011204482,Existing,Online,26700,0.9359550561797753,0.08107581033310692,Completed,0.08,3.5
ORD-10262,2025-06-06,Jun,Q2,South,Chennai,Ananya Iyer,Home,Microwave,6,12510,75060,49500,25560,0.3405275779376499,Existing,Offline,72900,1.0296296296296297,-0.020949948533754988,Pending,0.05,3.6
ORD-10263,2025-06-16,Jun,Q2,East,Patna,Riya Das,Home,Microwave,2,12970,25940,16500,9440,0.36391673091750193,New,Online,29000,0.8944827586206896,0.17870530083289787,Completed,0.05,3.5
ORD-10264,2025-01-03,Jan,Q1,South,Hyderabad,Ananya Iyer,Home,Vacuum Cleaner,10,12050,120500,71000,49500,0.4107883817427386,Existing,Offline,112700,1.0692102928127774,-0.04701574429251308,Completed,0,4.9
ORD-10265,2025-10-12,Oct,Q4,West,Mumbai,Meera Patel,Accessories,Wireless Mouse,3,2000,6000,2790,3210,0.535,New,Offline,6200,0.967741935483871,-0.022722304727017625,Completed,0.08,4.8
ORD-10266,2025-02-25,Feb,Q1,North,Jaipur,Arjun Malhotra,Office,Standing Desk,13,19650,255450,180700,74750,0.2926208651399491,Existing,Offline,253300,1.008487958941966,-0.025530355114741624,Completed,0.08,3.4
ORD-10267,2025-04-06,Apr,Q2,West,Pune,Kabir Shah,Accessories,Headphones,6,5440,32640,17520,15120,0.4632352941176471,Existing,Online,37000,0.8821621621621621,0.13422825542238714,Completed,0.08,4.6
ORD-10268,2025-04-20,Apr,Q2,South,Chennai,Vikram Rao,Office,Ergonomic Chair,2,11240,22480,15200,7280,0.3238434163701068,Existing,Online,23600,0.9525423728813559,0.14935215429789933,Completed,0.08,4.1
ORD-10269,2025-02-01,Feb,Q1,North,Delhi,Arjun Malhotra,Office,Ergonomic Chair,3,11490,34470,22800,11670,0.33855526544821585,Existing,Online,35400,0.9737288135593221,0.12092802488641345,Completed,0.08,4.0
ORD-10270,2025-08-02,Aug,Q3,West,Mumbai,Meera Patel,Accessories,Wireless Mouse,3,2070,6210,2790,3420,0.5507246376811594,Existing,Offline,6400,0.9703125,0.19185323945670685,Cancelled,0.05,4.6
ORD-10271,2025-12-22,Dec,Q4,East,Bhubaneswar,Aarav Sen,Office,Laser Printer,12,19390,232680,151200,81480,0.35018050541516244,Existing,Offline,221100,1.0523744911804613,0.15756857971218846,Pending,0.03,3.9
ORD-10272,2025-06-14,Jun,Q2,North,Delhi,Arjun Malhotra,Home,Vacuum Cleaner,9,11570,104130,63900,40230,0.3863439930855661,Existing,Offline,109600,0.9500912408759125,0.007204246687895183,Completed,0,4.8
ORD-10273,2025-06-05,Jun,Q2,South,Bengaluru,Ananya Iyer,Accessories,Wireless Mouse,6,2060,12360,5580,6780,0.5485436893203883,New,Online,11400,1.0842105263157895,-0.06035609102485745,Completed,0,4.4
ORD-10274,2025-02-18,Feb,Q1,East,Bhubaneswar,Riya Das,Electronics,Smartphone X,5,32730,163650,114000,49650,0.30339138405132904,New,Online,175300,0.9335424985738734,0.08675686456352337,Completed,0,4.1
ORD-10275,2025-09-14,Sep,Q3,South,Hyderabad,Vikram Rao,Electronics,Laptop Pro,2,69210,138420,105000,33420,0.24143909839618552,Existing,Online,140900,0.9823988644428673,-0.06098505664621841,Completed,0.03,3.7
ORD-10276,2025-11-05,Nov,Q4,East,Kolkata,Aarav Sen,Accessories,Wireless Mouse,2,2120,4240,1860,2380,0.5613207547169812,Existing,Online,5000,0.848,0.04310435267473131,Completed,0.03,4.0
ORD-10277,2025-09-28,Sep,Q3,East,Kolkata,Aarav Sen,Office,Laser Printer,12,19260,231120,151200,79920,0.34579439252336447,Existing,Online,272000,0.8497058823529412,0.14920798285478643,Completed,0,4.2
ORD-10278,2025-11-14,Nov,Q4,West,Ahmedabad,Kabir Shah,Home,Microwave,6,13290,79740,49500,30240,0.3792325056433409,Existing,Offline,76100,1.0478318002628122,0.0005028349876678856,Completed,0,3.8
ORD-10279,2025-01-23,Jan,Q1,West,Pune,Meera Patel,Accessories,Keyboard,2,3830,7660,3520,4140,0.5404699738903395,New,Offline,8800,0.8704545454545455,0.1706473266153981,Completed,0,3.7
ORD-10280,2025-04-20,Apr,Q2,West,Ahmedabad,Meera Patel,Electronics,Tablet Plus,14,24260,339640,257600,82040,0.24154987633965375,Existing,Online,358100,0.9484501535883831,0.11410673966397498,Completed,0.05,4.6
ORD-10281,2025-03-21,Mar,Q1,East,Bhubaneswar,Aarav Sen,Home,Air Purifier,2,15120,30240,20800,9440,0.31216931216931215,Existing,Online,34300,0.8816326530612245,-0.051206905637672204,Completed,0.08,5.0
ORD-10282,2025-08-31,Aug,Q3,West,Pune,Kabir Shah,Office,Standing Desk,11,20560,226160,152900,73260,0.3239299610894942,Existing,Offline,217500,1.039816091954023,0.05380908153460669,Pending,0,4.0
ORD-10283,2025-01-04,Jan,Q1,North,Jaipur,Neha Verma,Office,Ergonomic Chair,14,11740,164360,106400,57960,0.3526405451448041,Existing,Online,155300,1.0583386992916934,0.07631319727788373,Cancelled,0.08,4.2
ORD-10284,2025-07-15,Jul,Q3,South,Chennai,Vikram Rao,Office,Laser Printer,14,19140,267960,176400,91560,0.34169278996865204,Existing,Offline,276500,0.9691139240506329,0.1367899644340383,Completed,0.05,4.8
ORD-10285,2025-11-18,Nov,Q4,North,Jaipur,Neha Verma,Accessories,Wireless Mouse,12,2170,26040,11160,14880,0.5714285714285714,New,Offline,25800,1.0093023255813953,0.04419056515508703,Completed,0,3.6
ORD-10286,2025-09-23,Sep,Q3,South,Hyderabad,Ananya Iyer,Home,Microwave,10,13570,135700,82500,53200,0.3920412675018423,Existing,Offline,156900,0.8648820905035054,0.010447908540599835,Completed,0.03,4.8
ORD-10287,2025-08-25,Aug,Q3,North,Delhi,Arjun Malhotra,Accessories,Keyboard,4,3820,15280,7040,8240,0.5392670157068062,Existing,Offline,16400,0.9317073170731708,-0.018501342746667523,Completed,0,3.7
ORD-10288,2025-02-06,Feb,Q1,East,Kolkata,Riya Das,Office,Standing Desk,3,20130,60390,41700,18690,0.3094883258817685,Existing,Online,56800,1.0632042253521128,0.1788737957897174,Completed,0.08,4.1
ORD-10289,2025-08-25,Aug,Q3,North,Delhi,Neha Verma,Home,Air Purifier,1,16240,16240,10400,5840,0.35960591133004927,Existing,Online,18400,0.8826086956521739,0.10969902979326056,Completed,0,4.2
ORD-10290,2025-02-03,Feb,Q1,North,Delhi,Arjun Malhotra,Electronics,Laptop Pro,3,68690,206070,157500,48570,0.23569660794875527,Existing,Offline,220600,0.9341341795104261,0.14032852379348132,Completed,0.05,4.5
ORD-10291,2025-03-19,Mar,Q1,East,Kolkata,Aarav Sen,Accessories,Headphones,7,5660,39620,20440,19180,0.4840989399293286,New,Offline,40500,0.9782716049382716,-0.007209821851533335,Completed,0,3.8
ORD-10292,2025-04-06,Apr,Q2,North,Delhi,Neha Verma,Office,Standing Desk,14,20100,281400,194600,86800,0.30845771144278605,Existing,Online,292000,0.9636986301369863,0.1867421426689418,Completed,0.03,3.6
ORD-10293,2025-01-11,Jan,Q1,South,Bengaluru,Vikram Rao,Accessories,Wireless Mouse,9,1930,17370,8370,9000,0.5181347150259067,Existing,Offline,20400,0.8514705882352941,-0.026320530042380975,Completed,0.08,3.9
ORD-10294,2025-01-24,Jan,Q1,West,Pune,Meera Patel,Accessories,Headphones,11,5390,59290,32120,27170,0.4582560296846011,New,Offline,66000,0.8983333333333333,0.1604157630908496,Completed,0.05,4.1
ORD-10295,2025-06-26,Jun,Q2,North,Delhi,Arjun Malhotra,Office,Laser Printer,3,19050,57150,37800,19350,0.33858267716535434,Existing,Online,63500,0.9,-0.03128424597723057,Completed,0,3.5
ORD-10296,2025-03-11,Mar,Q1,West,Pune,Kabir Shah,Home,Vacuum Cleaner,12,11320,135840,85200,50640,0.37279151943462896,Existing,Offline,142400,0.9539325842696629,0.1983401515335843,Completed,0.05,4.6
ORD-10297,2025-04-09,Apr,Q2,West,Pune,Meera Patel,Accessories,Wireless Mouse,7,2050,14350,6510,7840,0.5463414634146342,New,Online,14900,0.9630872483221476,0.12152879211623711,Completed,0.05,3.6
ORD-10298,2025-12-18,Dec,Q4,West,Ahmedabad,Meera Patel,Electronics,Laptop Pro,15,68760,1031400,787500,243900,0.23647469458987783,New,Offline,982400,1.0498778501628665,0.12462458826579804,Completed,0.08,4.9
ORD-10299,2025-12-19,Dec,Q4,West,Pune,Meera Patel,Accessories,Keyboard,15,4090,61350,26400,34950,0.5696821515892421,New,Offline,68100,0.9008810572687225,0.016800647861595006,Completed,0,4.4
ORD-10300,2025-03-25,Mar,Q1,West,Ahmedabad,Kabir Shah,Accessories,Keyboard,7,3890,27230,12320,14910,0.5475578406169666,New,Offline,27100,1.0047970479704798,-0.03321126773289838,Completed,0,3.7
